Country Name,Country Code,Series Name,Series Code,2000 [YR2000],2001 [YR2001],2002 [YR2002],2003 [YR2003],2004 [YR2004],2005 [YR2005],2006 [YR2006],2007 [YR2007],2008 [YR2008],2009 [YR2009],2010 [YR2010],2011 [YR2011],2012 [YR2012],2013 [YR2013],2014 [YR2014],2015 [YR2015],2016 [YR2016],2017 [YR2017],2018 [YR2018],2019 [YR2019],2020 [YR2020],2021 [YR2021],2022 [YR2022],2023 [YR2023],2024 [YR2024]
Albania,ALB,Armed forces personnel (% of total labor force),MS.MIL.TOTL.TF.ZS,5.13717005098356,3.11413417074067,2.07007907702074,1.70479333642779,1.68531487168875,1.78613955703739,0.926002720032338,1.1865745230175,1.20687000345415,1.18224065272192,1.17101598442775,1.07122988811276,1.1194273389201,0.698345250389636,0.683194068910973,0.656344301232692,0.633524160748185,0.660195770052346,0.645800146381367,0.565041583529038,0.591541401612986,..,..,..,..
Albania,ALB,"Armed forces personnel, total",MS.MIL.TOTL.P1,67500,40500,27000,22000,21500,22500,11500,14500,14500,14745,14745,14750,14750,8500,8500,8500,8500,9000,9000,8000,8000,..,..,..,..
Albania,ALB,Military expenditure (% of GDP),MS.MIL.XPND.GD.ZS,1.24636024189216,1.30929137475594,1.32003449433204,1.33684292419802,1.38115794211088,1.35000497056322,1.56776908873068,1.8207653435572,1.98486885667765,1.5172171395597,1.55859189302349,1.52826633776627,1.48708257655216,1.40898210141146,1.34651599128914,1.16230386432234,1.10358100880452,1.10915100558884,1.16054478505068,1.28080596201472,1.29583570269739,1.24298808396067,1.21098343566728,1.74399167669186,..
Albania,ALB,Military expenditure (% of general government expenditure),MS.MIL.XPND.ZS,3.84384065661926,4.14741288966839,4.26975280105134,4.61292952593064,4.66321103763279,4.73437520175261,5.42898862467715,6.22608105672699,6.25619786501779,4.64272721436367,5.30374152460951,5.28386450211732,5.26790009594914,4.82648553602103,4.24378498276555,3.77889251316413,3.78723434007733,3.80346444991409,3.99130087621609,4.40511619586606,3.98075632132468,3.86998513866664,3.97041542821594,5.61952875583332,..
Austria,AUT,Armed forces personnel (% of total labor force),MS.MIL.TOTL.TF.ZS,1.04290296805035,0.893394996523248,0.874751511158517,0.868059475621829,0.988297293003033,0.996920015611767,0.980669532509931,0.840289731899559,0.831862521170901,0.609605260587419,0.60386994407205,0.541825553611716,0.525344774789534,0.513364474402621,0.510542475205221,0.478649862133146,0.49328330912061,0.459750990106597,0.495831220354555,0.475393009561882,0.499147867781372,..,..,..,..
Austria,AUT,"Armed forces personnel, total",MS.MIL.TOTL.P1,40500,34600,34600,34600,39000,40000,40000,35000,35000,25900,25758,23250,22800,22500,22500,21350,22400,21000,22850,22000,23000,..,..,..,..
Austria,AUT,Military expenditure (% of GDP),MS.MIL.XPND.GD.ZS,0.98031858008593,0.908240040709509,0.88352783657309,0.913640318789259,0.893480466242935,0.850142574026263,0.785813244459197,0.90045717278703,0.870705123070585,0.833379564692924,0.821232711530621,0.790897558452031,0.778464250647036,0.750825383084571,0.747780095379783,0.698116413133988,0.729737691793485,0.757279033702098,0.745028039648345,0.75035965749035,0.884127145088915,0.8736941368808,0.768528566154672,0.844274840737983,..
Austria,AUT,Military expenditure (% of general government expenditure),MS.MIL.XPND.ZS,1.93159028105101,1.76504348593881,1.68193442016185,1.82318437443309,1.65790767717745,1.66192198199585,1.55982953492681,1.82864212363054,1.7459147315395,1.53927540878487,1.55432460438281,1.55406732517693,1.52004068801971,1.4537368568918,1.42919429974528,1.36811785600437,1.45739672398483,1.53610008182722,1.52801954740725,1.54167679725207,1.5570304159137,1.55865661676857,1.45560179338752,1.63257715135905,..
Belarus,BLR,Armed forces personnel (% of total labor force),MS.MIL.TOTL.TF.ZS,1.89162975635352,3.96001473150115,3.8678846359593,3.70894533128142,3.67839880512672,3.68993422238568,3.68017841826736,3.66736259715004,3.64752473589828,3.62410427530989,3.60651491073314,3.10463748346731,3.10116470324994,3.1002166619771,3.09997092305754,3.10040403366489,3.05121763912158,3.05217726572964,3.07464063715025,3.08553255495632,3.17250729275094,..,..,..,..
Belarus,BLR,"Armed forces personnel, total",MS.MIL.TOTL.P1,91100,192900,189800,182900,182000,183000,183000,183000,183000,182940,182940,158000,158000,158000,158000,158000,155350,155000,155350,155000,158000,..,..,..,..
Belarus,BLR,Military expenditure (% of GDP),MS.MIL.XPND.GD.ZS,1.34698415075765,1.43829074692244,1.40024580052512,1.29906390002339,1.35822231382833,1.49845313530187,1.70941249195756,1.64976591437478,1.45349285157346,1.37257698145111,1.3413834329232,1.22449510976582,1.22921872178113,1.27079665150066,1.04232763587955,1.13806602416355,1.52328091923032,1.37200444073753,1.53799428873681,1.39642297566801,1.40325859867166,1.36528926554311,1.64869313490861,1.79770336310455,..
Belarus,BLR,Military expenditure (% of general government expenditure),MS.MIL.XPND.ZS,..,32.8021248339973,30.938292476754,28.857837181045,29.8461538461539,32.2101090188305,35.0219695011631,32.4493927125506,23.4289617486339,25.677147134885,30.2660489741893,30.389337641357,31.6058174476477,31.1368392211303,26.8390106729725,27.2462521634935,37.4427876152014,35.1419367340018,40.6400812252922,37.3841079341109,36.8837119483164,37.6294876589379,45.6543192012733,50.5913118885667,..
Belgium,BEL,Armed forces personnel (% of total labor force),MS.MIL.TOTL.TF.ZS,0.890622089331435,0.914614683744117,0.899410977586311,0.928186146821759,0.802489500762365,0.799533418227936,0.860653339162825,0.823581981884575,0.815985447841059,0.822250966689485,0.729071629206606,0.697136906837326,0.624331436613073,0.755004471639817,0.75434465405373,0.727807283839235,0.675842258416885,0.635257800519125,0.618437081880088,0.50522627433126,0.468319000170156,..,..,..,..
Belgium,BEL,"Armed forces personnel, total",MS.MIL.TOTL.P1,39300,39400,39200,40800,36000,37000,40000,39000,39000,39482,35736,34050,30700,37500,37600,36350,33800,32000,31500,26000,24000,..,..,..,..
Belgium,BEL,Military expenditure (% of GDP),MS.MIL.XPND.GD.ZS,1.34121027642881,1.27650416647228,1.21571220776463,1.21498815616525,1.14927213880449,1.09664118158572,1.05612306878486,1.09801876439276,1.22191451658895,1.1677684366565,1.09048821653131,1.05221776971326,1.0417564900031,1.00895947872124,0.970959791148112,0.909284202068915,0.89470623618152,0.883563446003045,0.891358084802809,0.888429380863306,1.01248470692312,1.03872662668212,1.18239642570098,1.21461599569106,..
Belgium,BEL,Military expenditure (% of general government expenditure),MS.MIL.XPND.ZS,2.73463038706315,2.59930895523532,2.45226012730633,2.39228116618482,2.34513757958303,2.11453306134634,2.16466316605627,2.26102797969689,2.40650843509762,2.13561075511734,2.02398110950964,1.90259081312191,1.84454979780103,1.79797704903161,1.74633706581455,1.69264376750606,1.68438746164385,1.69817024455759,1.70545569483377,1.7117751712701,1.72189781560744,1.89472020915183,2.22658029080478,2.2165166871208,..
Bosnia and Herzegovina,BIH,Armed forces personnel (% of total labor force),MS.MIL.TOTL.TF.ZS,4.40986696127673,1.37224564569304,1.12009702981947,1.0588053746763,1.35749216896705,0.683457314388656,0.514269257669469,0.518448709293135,0.525408768021521,0.628884074136615,0.640504313124676,0.651195978509915,0.661787089857451,0.672687971442153,0.682527301092044,0.692187053992568,0.702834296439442,0.747793668770913,0.725251817791878,0.77325765718395,0.791177934478959,..,..,..,..
Bosnia and Herzegovina,BIH,"Armed forces personnel, total",MS.MIL.TOTL.P1,76000,24000,19800,18800,24000,12000,9000,9000,9000,10577,10577,10550,10500,10500,10500,10500,10500,11000,10500,11000,11000,..,..,..,..
Bosnia and Herzegovina,BIH,Military expenditure (% of GDP),MS.MIL.XPND.GD.ZS,..,..,3.9043729051368,2.41669769045157,1.8896028081156,1.54421965764078,1.38653346855639,1.23615289583956,1.2206120604463,1.37658621151299,1.28034144398166,1.13643026444417,1.14557192089501,1.08705579799922,1.02582688734534,0.988857622509173,0.922772270069199,0.852593562264982,0.84004735664614,0.807324224885322,0.827298283159884,0.742576774905168,0.679097727316253,0.80838231949892,..
Bosnia and Herzegovina,BIH,Military expenditure (% of general government expenditure),MS.MIL.XPND.ZS,..,..,7.55265379975875,5.03363009764503,4.3206305688828,3.4676844783715,3.13458070333634,2.73448445011282,2.52301960149036,2.81081103334706,2.63004535147392,2.4500698610997,2.44406476283459,2.44478038128832,2.22141047965807,2.31651145841769,2.22585478600462,2.13250491545419,2.07818513119534,2.0226843100189,1.82285387982996,1.86082276047674,1.75090456806875,1.93108540487325,..
Bulgaria,BGR,Armed forces personnel (% of total labor force),MS.MIL.TOTL.TF.ZS,3.30673032945843,3.18464594348212,3.00821147726685,2.54490484600781,2.51533243077287,2.5644700220997,2.19205179555347,2.14240907330238,2.10504866451503,1.87198934730153,1.90734366002063,1.41629190824225,1.40854004080299,1.41872774614551,1.43753441876806,1.45112678614379,0.990564947989011,0.958184814687057,1.16148691700508,1.15505235508932,1.18452384382469,..,..,..,..
Bulgaria,BGR,"Armed forces personnel, total",MS.MIL.TOTL.P1,113800,111300,102400,85000,85000,85000,75000,75000,75000,65315,65315,47300,47300,47300,47300,47300,31300,31000,36950,37000,37000,..,..,..,..
Bulgaria,BGR,Military expenditure (% of GDP),MS.MIL.XPND.GD.ZS,2.65245576158903,2.86251954387639,2.77967655484011,2.69120147161229,2.3737116819405,2.23535026726367,2.08176190777138,2.22853990097534,2.13186398257533,1.73951150062383,1.64246152423714,1.31400025609446,1.32981896505284,1.45404283053363,1.30960223173333,1.24593360652028,1.24384580804927,1.22220854798635,1.44929413825753,3.13356898891163,1.59346116571228,1.51749089579214,1.59228669627303,1.84737280288254,..
Bulgaria,BGR,Military expenditure (% of general government expenditure),MS.MIL.XPND.ZS,7.14354112802835,7.84747412191454,7.92534940162357,7.52499427611997,6.85834502103787,6.56792900887389,6.40532629283132,6.72976315038524,6.37285075300587,5.15092660030752,4.75325578699231,4.11217837441654,4.08945449132991,4.09940017137961,3.53182488302032,3.33762000179442,3.80091657853412,3.81598151301387,4.22210442618606,8.7362446426503,4.21431550297417,3.93066815767403,4.22477310818075,5.01929385920541,..
Canada,CAN,Armed forces personnel (% of total labor force),MS.MIL.TOTL.TF.ZS,0.423181107366731,0.401704051680654,0.363594917249988,0.355213935088805,0.404446496171772,0.400993447145816,0.355941099089386,0.349928261972481,0.344464265492388,0.350562560577815,0.346990828984857,0.343753997709876,0.341400277030807,0.336148005813467,0.358257746647573,0.342536207092012,0.339922337565845,0.357224065371607,0.355052684129635,0.34616324914595,0.351128167486965,..,..,..,..
Canada,CAN,"Armed forces personnel, total",MS.MIL.TOTL.P1,68500,66100,61600,61600,71000,71000,64000,64000,64000,65722,65700,65700,66000,65700,70200,67500,67500,72000,72400,72000,72000,..,..,..,..
Canada,CAN,Military expenditure (% of GDP),MS.MIL.XPND.GD.ZS,1.11434980213748,1.13335628281332,1.11686914736943,1.11193730688338,1.10418939142687,1.10710542420811,1.12252472932052,1.18579022996702,1.24551836677548,1.37755563107525,1.19433833839121,1.19329189549638,1.11840459807104,1.00236720047397,0.989925299438869,1.15270937445521,1.16416156719089,1.35189646465708,1.3176781061648,1.28451224366918,1.40083568623706,1.26729446473527,1.19577775821206,1.29300145446276,..
Canada,CAN,Military expenditure (% of general government expenditure),MS.MIL.XPND.ZS,2.74757242596902,2.75741233589552,2.76494828683953,2.76081510533127,2.82151151446051,2.8740606824262,2.90352212845166,3.07845153858812,3.21213682290467,3.17257451065171,2.7734066840798,2.87019825887948,2.73273478077143,2.50837990296678,2.57991356740854,2.88044713216989,2.85661155873435,3.34169548674661,3.24053601561142,3.16463042573107,2.65763445291572,2.76364039241925,2.88605986486604,3.12365093393613,..
China,CHN,Armed forces personnel (% of total labor force),MS.MIL.TOTL.TF.ZS,0.553167808830864,0.53217598586621,0.519327553194707,0.50973109071064,0.504069546079266,0.49770341485831,0.473128943510878,0.376392584066729,0.374782622506495,0.381407001570308,0.380553283226746,0.378400668336015,0.384199399329078,0.384086617211992,0.383535873912637,0.363984596555959,0.345100080816164,0.345882346134508,0.346905339462463,0.326705381567985,0.331880098677393,..,..,..,..
China,CHN,"Armed forces personnel, total",MS.MIL.TOTL.P1,3910000,3810000,3770000,3750000,3755000,3755000,3605000,2885000,2885000,2945000,2945000,2945000,2993000,2993000,2993000,2843000,2695000,2695000,2695000,2535000,2535000,..,..,..,..
China,CHN,Military expenditure (% of GDP),MS.MIL.XPND.GD.ZS,1.83575968454189,1.98308624365796,2.05936465293746,1.99628893565843,1.93850823279804,1.87185802294835,1.8695916362794,1.75016458545192,1.71604254580499,1.89352379603523,1.73351986212832,1.65908251595704,1.70094267160117,1.7143409229625,1.73840928794394,1.77677106896806,1.7688865902507,1.71124264388853,1.67357820944542,1.68291101151296,1.75669947098837,1.60525971842503,1.62314627775085,1.66533914524613,..
China,CHN,Military expenditure (% of general government expenditure),MS.MIL.XPND.ZS,11.3387431703261,11.4198865828958,11.1891024634835,10.9738076621043,10.8797908196963,10.2287553421646,10.1873122882247,9.62772673372771,7.64650828265653,7.39929181221497,6.96911788461849,6.16618303065546,6.03539546180845,5.96763139559939,5.98954268298033,5.60489058683456,5.47672632311926,5.26286689856262,5.04850113166337,4.90676386631028,4.90369088643851,4.92808107961642,4.88059978147301,4.97382615430347,..
Croatia,HRV,Armed forces personnel (% of total labor force),MS.MIL.TOTL.TF.ZS,5.1690853891963,3.65251579726452,3.28094753764887,1.65082747727298,1.56835109316685,1.62300860770468,1.10858190203092,1.09097539954376,1.13729003428929,1.11743750885931,1.13000970971306,1.14890439200618,1.05224688349232,1.06824646932247,1.04419871502135,0.993991042827886,1.03283065196391,1.01285139613125,1.04622654253744,1.04560341192011,1.17087723879046,..,..,..,..
Croatia,HRV,"Armed forces personnel, total",MS.MIL.TOTL.P1,101000,68300,61000,30800,30000,31000,21000,21000,22000,21600,21600,21600,19550,19550,19550,18550,18550,18000,18200,18000,20000,..,..,..,..
Croatia,HRV,Military expenditure (% of GDP),MS.MIL.XPND.GD.ZS,3.02098660264849,2.70460855366516,2.70984361143565,2.02770104358502,1.74186592099339,1.74563699248783,1.67013535951609,1.61680932558254,1.83172154646764,1.78981505092475,1.67080387331283,1.74118286536987,1.66162233029738,1.61759543360309,1.81633909411766,1.75380672758477,1.59352332128186,1.6367667979535,1.54696751458149,1.60350358639622,1.70256133740463,1.96944408251846,1.79282877045626,1.77989219884811,..
Croatia,HRV,Military expenditure (% of general government expenditure),MS.MIL.XPND.ZS,5.54380379254791,5.39679121925716,5.40979628369673,4.14644360081556,3.56072390018265,3.8268841731818,3.71585572371308,3.52099516385148,4.02007989548495,3.55832873242409,3.44231564599299,3.59718355094739,3.52367423944199,3.3727958962204,3.72188874644988,3.70923291915005,3.48430251523118,3.71439357736195,3.42313937799104,3.62816511876804,3.15224566391711,4.05795527050328,4.03588928618726,3.89884088514225,..
Czechia,CZE,Armed forces personnel (% of total labor force),MS.MIL.TOTL.TF.ZS,1.22301966453324,1.15036024541537,1.06963519605441,1.21909634580739,0.525976724166312,0.541062697379189,0.500752380451629,0.520336684815496,0.518860681871334,0.506082678666768,0.545237966425454,0.512140996341112,0.509144618008302,0.454690986534166,0.468224810590792,0.472190344923266,0.434079426057189,0.428252446997243,0.411554991480284,0.463401735754614,0.505332568721486,..,..,..,..
Czechia,CZE,"Armed forces personnel, total",MS.MIL.TOTL.P1,63300,59200,55000,62600,27000,28000,26000,27000,27000,26541,28521,26750,26750,24100,24800,25050,23200,23000,22245,25000,27000,..,..,..,..
Czechia,CZE,Military expenditure (% of GDP),MS.MIL.XPND.GD.ZS,1.87735695616487,1.75124955758828,1.82440696826275,1.8927640441762,1.71370317302129,1.77882220026108,1.5678353362801,1.42371628899144,1.2324715671579,1.31056414250743,1.19477218141337,1.07783649896869,1.0632168166006,1.01508371972557,0.966227818064756,0.946582095560622,0.996128102620186,0.956655421726352,1.08844948058138,1.15229255021758,1.32244994903778,1.39734579290545,1.37852844418063,1.52418962408317,..
Czechia,CZE,Military expenditure (% of general government expenditure),MS.MIL.XPND.ZS,4.58279087375234,4.02656174464199,4.07110523074875,3.83556379158675,4.02694801457894,4.19833345305653,3.78151811574403,3.52066634630787,3.01569365596214,2.95456178058528,2.73841764776791,2.49570798326512,2.37988098952774,2.38001720508003,2.26696036193623,2.25730945911807,2.50591301702844,2.45421826450554,2.681262747669,2.806774785081,2.80068848348159,3.00456175796636,3.08710703654568,3.30061492359817,..
France,FRA,Armed forces personnel (% of total labor force),MS.MIL.TOTL.TF.ZS,1.42566043060437,1.36435183339515,1.30099665045503,1.27139481606755,1.2555602379925,1.24526927751419,1.22032768073415,1.20593861567471,1.19803278265683,1.15168630049095,1.14827022923566,1.11432049574635,1.08265268528457,1.05126206751618,1.03447005922064,1.01234321815631,1.01089367558365,1.01162928828255,0.998202384223424,0.996706802038685,1.00363967948899,..,..,..,..
France,FRA,"Armed forces personnel, total",MS.MIL.TOTL.P1,389400,374400,361800,360400,358000,359000,354000,353000,353000,341967,341967,332250,325600,318400,312350,306350,306100,307000,304800,304000,304000,..,..,..,..
France,FRA,Military expenditure (% of GDP),MS.MIL.XPND.GD.ZS,2.08501824480333,2.03069528996546,2.04625799037992,2.0956804128006,2.10435083527246,2.02370691892637,1.97509829987374,1.90752863357749,1.89707589581907,2.09814733452729,1.96941935275241,1.89140621361087,1.87108059984757,1.84987591828694,1.86296143947269,1.87225828127684,1.91728236804142,1.90864201234437,1.84300872300244,1.8364614707329,1.99647774299432,1.91440611513925,1.93242353809568,2.05638673841337,..
France,FRA,Military expenditure (% of general government expenditure),MS.MIL.XPND.ZS,4.03664247573078,3.92645351975583,3.87583863805826,3.93403524955552,3.97160816369336,3.79724453303837,3.73536019722208,3.62884475897069,3.55947156743481,3.67118339009668,3.46229009915239,3.36006966306541,3.27642861801385,3.23247961040755,3.25614597135517,3.29635971187032,3.38228115001895,3.37792375596832,3.31211252281206,3.31778634324232,3.25440249803083,3.24161523469222,3.31391072960258,3.56687138932718,..
Germany,DEU,Armed forces personnel (% of total labor force),MS.MIL.TOTL.TF.ZS,0.549849639375979,0.765281263569691,0.732774459126422,0.701171846695886,0.70267475620155,0.692858130223391,0.590024357452682,0.583800800658872,0.583728580181424,0.601251403424043,0.600720984625805,0.472031177370267,0.446432440920192,0.4304202492445,0.420714473053709,0.415286652490237,0.415371414055793,0.414825800357985,0.415935550259116,0.418354589119066,0.421924351315519,..,..,..,..
Germany,DEU,"Armed forces personnel, total",MS.MIL.TOTL.P1,221100,308400,296000,284500,284000,285000,246000,244000,244000,251465,251465,196000,186450,181550,178600,177300,179100,180000,181400,184000,183000,..,..,..,..
Germany,DEU,Military expenditure (% of GDP),MS.MIL.XPND.GD.ZS,1.35888303317903,1.3234383027941,1.32795812092343,1.31692486502826,1.26895739640399,1.06562970052135,1.19930295839133,1.17247176491769,1.20903400366779,1.31060407322149,1.26682662611137,1.20615033635783,1.24167747904608,1.18525790100841,1.14994199690514,1.13733842666332,1.15123037317289,1.15340372066259,1.17054854477113,1.26184145004044,1.37427175481016,1.32102724294738,1.37713842050552,1.51965192096975,..
Germany,DEU,Military expenditure (% of general government expenditure),MS.MIL.XPND.ZS,2.85534749274039,2.8004902094334,2.78811008293967,2.73680922075855,2.72164134567223,2.2759644767176,2.65124988414126,2.70168407467158,2.73539190077652,2.71907681214743,2.63146613313461,2.66621663985819,2.76431678479329,2.63717397154028,2.59562871065739,2.57659572238151,2.59557376813366,2.61098373831646,2.64107173504961,2.80392979583483,2.72339570791462,2.59348203625312,2.7833755617421,3.0810880816111,..
Georgia,GEO,Armed forces personnel (% of total labor force),MS.MIL.TOTL.TF.ZS,1.64695092184873,1.36943845815645,1.43073432929429,1.40722688111776,1.08011720253572,1.14056637550817,1.68373102549934,1.65624237752088,1.65394963172055,1.6097519474491,1.60177470002926,1.59861871436464,1.57973100135413,1.59504338419393,1.58621430221035,1.26172483839751,1.27417384133332,1.32029692462222,1.35497704462866,1.40236114467189,1.39445927696214,..,..,..,..
Georgia,GEO,"Armed forces personnel, total",MS.MIL.TOTL.P1,33400,28500,29200,29200,22000,23000,33000,33000,33000,32355,32355,32350,32350,32350,32350,26050,26050,26000,25650,26000,26000,..,..,..,..
Georgia,GEO,Military expenditure (% of GDP),MS.MIL.XPND.GD.ZS,0.615582490752135,0.740186005258763,1.00053299706695,1.06848912472203,1.37383897186186,3.33916979671741,5.21830695097827,9.15911651704757,8.52011839531126,5.60659705141183,3.70963239057219,3.10296868545418,2.98373409824723,2.57055243515557,2.35793959370315,2.00294589032771,2.08164031548883,1.96974296903126,1.89711315739272,1.77655401596637,1.8054778310535,1.61153573028402,1.4657331013201,1.68114376621765,..
Georgia,GEO,Military expenditure (% of general government expenditure),MS.MIL.XPND.ZS,3.5394862036156,4.28076256499133,6.08979591836735,6.46231638418079,7.08876050420168,15.0287761425252,22.4034869240349,32.2185882839992,26.0824907719467,15.655954044403,11.803732866725,11.1650450594456,10.5000784726454,9.4838621056363,8.4084253281091,7.28900804289544,7.33651652242329,7.13815789473684,6.97814432989691,6.13733604545136,5.23820740827984,5.10573419927135,4.9738708914637,5.53911949685535,..
Greece,GRC,Armed forces personnel (% of total labor force),MS.MIL.TOTL.TF.ZS,3.48778910501878,3.51552755962503,3.86977359480445,3.82205472904557,3.45471805880427,3.44862624589321,3.27175657155677,3.26780935803175,3.25353614921161,2.85869827389312,2.97999549556636,3.00096370684863,3.01284266356965,3.08686046085096,3.08317739106753,3.10158050801757,3.08215844817828,3.1090355814216,3.16670693321408,3.14573415978404,3.19819752198434,..,..,..,..
Greece,GRC,"Armed forces personnel, total",MS.MIL.TOTL.P1,163200,163200,181600,181600,167000,168000,161000,161000,161000,142936,149647,148350,147350,148950,146950,146950,145350,146000,147850,147000,147000,..,..,..,..
Greece,GRC,Military expenditure (% of GDP),MS.MIL.XPND.GD.ZS,3.46535532008881,3.25141285622817,3.07737457530621,2.49389475249858,2.60567252971209,2.83659627711189,2.78341887026498,2.67930592141264,2.98305234467131,3.22484113782964,2.75021826236583,2.52227876563293,2.44377558683293,2.36777200944603,2.35228766757336,2.46330328904394,2.57212022449423,2.56348990681236,2.71645307270589,2.62245307490582,3.069343544579,3.8668791000781,4.02423972931974,3.23440755796675,..
Greece,GRC,Military expenditure (% of general government expenditure),MS.MIL.XPND.ZS,7.46430804422417,7.07042635880437,6.71960993855196,5.35264831143903,5.4724242982751,6.22584767234352,6.16937288894315,5.69224307939522,5.86690615323348,5.96260576481486,5.19327660291516,4.57595659623073,4.55076561125335,4.55281768428254,4.63681558840212,4.81475735041504,5.15032589736528,5.2859857094567,5.60141482349158,5.45574202040145,5.09896105988,6.69509391485181,7.61368006592803,6.56533029905393,..
Hungary,HUN,Armed forces personnel (% of total labor force),MS.MIL.TOTL.TF.ZS,1.32827913165475,1.08995056458527,1.07466251856003,1.07110317299627,1.03503620039111,0.987165502334871,0.98497091089886,0.829247793808657,0.831361658049716,0.945584696911323,0.779721602393608,0.865005451781114,0.858168392253838,0.851506358983138,0.83212225324009,0.817642733874492,0.832786337784416,0.832287944995754,0.82246681770023,0.82530228243536,0.95169644028291,..,..,..,..
Hungary,HUN,"Armed forces personnel, total",MS.MIL.TOTL.P1,57800,47800,47400,47400,46000,44000,44000,37000,37000,41626,34587,38500,38500,38500,38500,38500,39800,40000,39800,40000,46000,..,..,..,..
Hungary,HUN,Military expenditure (% of GDP),MS.MIL.XPND.GD.ZS,1.51310022700998,1.57012709014657,1.59377380209258,1.64262159438689,1.47272381889096,1.40983615554013,1.21856650672823,1.26721425125684,1.17976756209114,1.125985152169,1.02199035673629,1.03709056372928,1.02649856116043,0.943403779328103,0.857809630794751,0.904722073336147,1.00201990429055,1.19355289709367,1.00606844814921,1.33524248667313,1.76006936522039,1.32374131113092,1.83565722625996,2.12784318809435,..
Hungary,HUN,Military expenditure (% of general government expenditure),MS.MIL.XPND.ZS,3.20200870565931,3.32726335681154,3.13035340486391,3.34554292974977,3.02115276543532,2.85862481760733,2.37270689253897,2.54148351177463,2.42027974081176,2.22706983924556,2.09368610845472,2.11389749739483,2.08995403716067,1.88447573599531,1.71404794550169,1.79580673014532,2.14117680386878,2.55481712727297,2.18256875091565,2.89737747389445,3.44588481009895,2.73534781497036,3.80533738762792,4.41188545269396,..
Italy,ITA,Armed forces personnel (% of total labor force),MS.MIL.TOTL.TF.ZS,2.15536289289372,2.06265945701793,1.99453950883861,1.89757616493968,1.81129844007315,1.82108714974202,1.79406689031613,1.77713735616906,1.75074583378708,1.32265582366606,1.45614984431736,1.48708170845398,1.42240509194909,1.42789507215338,1.4087586852233,1.41213286672469,1.39673321381874,1.34893374562243,1.31899197033222,1.32764279234956,1.35184183450536,..,..,..,..
Italy,ITA,"Armed forces personnel, total",MS.MIL.TOTL.P1,503100,482600,471100,454300,445000,445000,440000,436000,436000,326939,359378,367550,359500,359500,356850,356850,356850,347000,341500,342000,338000,..,..,..,..
Italy,ITA,Military expenditure (% of GDP),MS.MIL.XPND.GD.ZS,1.74105950432123,1.67936473768145,1.7061872461629,1.70899553724228,1.68267326961679,1.60096876399271,1.52134332564687,1.44705251876997,1.53567479652557,1.55421070227095,1.50049457592519,1.47595659708976,1.42692497660769,1.39902041932938,1.28296965427672,1.20822832564616,1.33483525169556,1.35737055917772,1.35929093471843,1.31150962472626,1.73898398051865,1.6812622421282,1.69455752183519,1.60578289334057,..
Italy,ITA,Military expenditure (% of general government expenditure),MS.MIL.XPND.ZS,3.73457604206693,3.53321886966043,3.64144216008424,3.61236604001283,3.57956941551784,3.38888254301182,3.18315246905678,3.09307315471865,3.21045073151802,3.04085840104199,3.00533017765601,3.00147268139019,2.8205640548868,2.74578841236868,2.52277541156925,2.40122699828436,2.71980198614624,2.78358701543774,2.80880728379868,2.70572879347407,3.05164087249818,2.99024897277989,3.04470549140151,3.04345179262221,..
Kosovo,XKX,Armed forces personnel (% of total labor force),MS.MIL.TOTL.TF.ZS,..,..,..,..,..,..,..,..,..,..,..,..,..,..,..,..,..,..,..,..,..,..,..,..,..
Kosovo,XKX,"Armed forces personnel, total",MS.MIL.TOTL.P1,..,..,..,..,..,..,..,..,..,..,..,..,..,..,..,..,..,..,..,..,..,..,..,..,..
Kosovo,XKX,Military expenditure (% of GDP),MS.MIL.XPND.GD.ZS,..,..,..,..,..,..,..,..,0.0163027941392356,0.481597270513536,0.722607027057869,0.804775949375424,0.703953736091019,0.721740710505352,0.758329267674349,0.794280304031609,0.777868142388861,0.802899727206653,0.804420588442497,0.831727171719462,1.02303739145844,0.845928815212092,1.1448416939248,1.2541803572726,..
Kosovo,XKX,Military expenditure (% of general government expenditure),MS.MIL.XPND.ZS,..,..,..,..,..,..,..,..,0.0671974522292994,1.79315892040256,2.41727941908714,2.71188661242604,2.34680271021543,2.46310773889637,2.73588861788618,2.858003868104,2.73193717277487,2.84958123953099,2.72975584944049,2.78010421601137,3.05854304635762,2.9129381220251,3.98849902534113,4.022088091354,..
Latvia,LVA,Armed forces personnel (% of total labor force),MS.MIL.TOTL.TF.ZS,0.776581233594721,0.912821027745195,0.779708227803858,0.738713416586031,0.455642309851351,0.457959752665097,1.51803605424925,1.49420468318905,0.434312418294976,0.519942439792566,0.434442199826412,0.517766153578151,0.510750774782955,0.520709734232105,0.528010405086401,0.526914829328218,0.530807316943949,0.602659536534728,0.693503580086598,0.610537883875695,0.915703397564839,..,..,..,..
Latvia,LVA,"Armed forces personnel, total",MS.MIL.TOTL.P1,8500,10000,8700,8100,5000,5000,17000,17000,5000,5745,4600,5350,5310,5310,5310,5310,5310,6000,6900,6000,9000,..,..,..,..
Latvia,LVA,Military expenditure (% of GDP),MS.MIL.XPND.GD.ZS,0.881715011606815,1.04153876427659,1.54220827552533,1.61002427493687,1.59565821670758,1.61062192658035,1.70523464011206,1.55039879604486,1.62264137558566,1.37736784110828,1.0835925294035,1.07114811696512,0.907662242915502,0.938941958353352,0.943460035769368,1.03735427695593,1.45006228291436,1.59351134040875,2.06149811300222,2.0214000784007,2.16211101523024,2.08702338506654,2.0941585284431,2.26754267524368,..
Latvia,LVA,Military expenditure (% of general government expenditure),MS.MIL.XPND.ZS,2.43450221684805,3.0316035895435,4.50121654501217,4.8856416772554,4.7661530143282,4.66751918158568,5.06388121546961,4.70714094677721,4.46388515029161,3.24851042701092,2.53951800984711,2.68552581504503,2.44561877841956,2.51530852567122,2.49608062709966,2.77427078798433,4.01418439716312,4.36725573837091,5.41539016038926,5.35946578787616,5.22388059701493,4.83299770849247,5.17647058823529,5.63165890570431,..
Liechtenstein,LIE,Armed forces personnel (% of total labor force),MS.MIL.TOTL.TF.ZS,..,..,..,..,..,..,..,..,..,..,..,..,..,..,..,..,..,..,..,..,..,..,..,..,..
Liechtenstein,LIE,"Armed forces personnel, total",MS.MIL.TOTL.P1,..,..,..,..,..,..,..,..,..,..,..,..,..,..,..,..,..,..,..,..,..,..,..,..,..
Liechtenstein,LIE,Military expenditure (% of GDP),MS.MIL.XPND.GD.ZS,..,..,..,..,..,..,..,..,..,..,..,..,..,..,..,..,..,..,..,..,..,..,..,..,..
Liechtenstein,LIE,Military expenditure (% of general government expenditure),MS.MIL.XPND.ZS,..,..,..,..,..,..,..,..,..,..,..,..,..,..,..,..,..,..,..,..,..,..,..,..,..
Lithuania,LTU,Armed forces personnel (% of total labor force),MS.MIL.TOTL.TF.ZS,0.984634949558219,1.04496445602006,1.67867978291534,1.62394057210296,1.75996912511306,1.86889387260588,1.59032551975482,1.59077456802185,1.58828376012945,1.66142807773956,1.69142826507978,1.57726575745908,1.58653800420993,1.49757488386119,1.85311180756854,1.92683338230333,2.00423153098954,2.31906991654759,2.68321326151865,2.49802352327989,2.47533032279645,..,..,..,..
Lithuania,LTU,"Armed forces personnel, total",MS.MIL.TOTL.P1,16600,17200,27300,27300,28000,29000,24000,24000,24000,25240,25240,23350,23350,21950,27400,28330,29650,34000,39550,37000,37000,..,..,..,..
Lithuania,LTU,Military expenditure (% of GDP),MS.MIL.XPND.GD.ZS,1.21669999047963,1.36194363753379,1.27128874631595,1.12122849806511,1.19594328186275,1.16345400761345,1.16518481322546,1.11360756727258,1.13160855191207,1.08280378279988,0.878659092050565,0.790700848052255,0.765265810142739,0.762907482084214,0.879596257744358,1.13774817357899,1.47750587185705,1.71207046761202,1.96637494666771,1.99554075372468,2.06523858406958,1.95651032201318,2.44662159116054,2.71567834515769,..
Lithuania,LTU,Military expenditure (% of general government expenditure),MS.MIL.XPND.ZS,3.39208764149403,3.88741931173471,3.83307097121896,3.49657245951497,3.60278883315529,3.47709047894405,3.45026827449192,3.22941953894994,3.05189187162166,2.47717862243328,2.13265650012638,1.90759660925974,2.17708236004172,2.20269674611432,2.58593458645939,3.30738693858488,4.43706563706564,5.28398306322091,5.93147325866525,5.9147596561327,4.93295019157088,5.2797553633714,6.78126413620101,6.92856647959537,..
Luxembourg,LUX,Armed forces personnel (% of total labor force),MS.MIL.TOTL.TF.ZS,0.740141578510518,0.784830790481572,0.762168012316635,0.762295831766392,0.742563316782815,0.720003428587755,0.706836020588002,0.6938867294163,0.724100601470661,0.643426159188398,0.634848656614896,0.619652420132548,0.589192416196158,0.571465335518274,0.552793621274134,0.527170360373658,0.520370781527531,0.680093988989278,0.627365000957557,0.319550073496517,0.314096986867605,..,..,..,..
Luxembourg,LUX,"Armed forces personnel, total",MS.MIL.TOTL.P1,1400,1500,1500,1500,1512,1512,1512,1512,1612,1512,1512,1510,1510,1510,1510,1500,1500,2000,1900,1000,1000,..,..,..,..
Luxembourg,LUX,Military expenditure (% of GDP),MS.MIL.XPND.GD.ZS,0.54411854308622,0.680287079761237,0.586825535638613,0.60717994174289,0.611235470879585,0.58477615707441,0.52078771268481,0.50162400683642,0.364912794964823,0.371311757115607,0.441009496679635,0.376775588804359,0.358937251707305,0.358492375793951,0.366856825936978,0.415571527949753,0.378949157263331,0.495110917223231,0.500655642661875,0.546198379988419,0.578077082223964,0.47124923612019,0.625326007042526,0.7490545294635,..
Luxembourg,LUX,Military expenditure (% of general government expenditure),MS.MIL.XPND.ZS,1.43864587484894,1.77555286335248,1.40988197455923,1.39897068507611,1.38687332593233,1.34597131540772,1.32169489948392,1.34153337178031,0.962172136549361,0.869669525580279,1.05109324939576,0.907806044792346,0.858391159085068,0.869307517534328,0.903299419986688,1.02951269732327,0.946330193708904,1.19945025196785,1.18359482521332,1.26761086948441,1.23102310231023,1.09900734820162,1.43320128891122,1.62266737232072,..
Moldova,MDA,Armed forces personnel (% of total labor force),MS.MIL.TOTL.TF.ZS,0.962101408471713,0.885573248359018,0.811261534646608,0.781112546942589,0.703877819323949,0.782546091964817,0.588984083441375,0.652327068094248,0.571063091050299,0.540574170439198,0.516710744884009,0.5090733288929,0.505893496037385,0.503073617521243,0.476025804898213,0.46369256507357,0.473997323013794,0.459866467916759,0.420838268774006,0.404912397202865,0.408422488559065,..,..,..,..
Moldova,MDA,"Armed forces personnel, total",MS.MIL.TOTL.P1,12900,11600,10600,10300,9000,10000,8000,9000,8000,7733,7733,7750,7750,7750,7750,7550,7550,7000,6150,6000,6000,..,..,..,..
Moldova,MDA,Military expenditure (% of GDP),MS.MIL.XPND.GD.ZS,0.387282499272851,0.402592316596498,0.419846587081724,0.416381264465176,0.360979036536125,0.400235101204801,0.48263447637712,0.516193541658915,0.6085356171256,0.457886649076119,0.262879174562087,0.272949600366091,0.27407991661782,0.281261545863777,0.293185446371091,0.295624501341201,0.344191282076352,0.324532006964179,0.332323743137999,0.362122378852081,0.385463277737582,0.377728511357822,0.328875031549807,0.546678815870651,..
Moldova,MDA,Military expenditure (% of general government expenditure),MS.MIL.XPND.ZS,1.13828448120842,1.36428317324795,1.3657340640323,1.24284015994812,1.03702242152466,1.07824842587293,1.19767119489881,1.20853599754612,1.46643177205009,1.01077625570776,0.770982765067818,0.838230264589746,0.814068087742517,0.866964078496093,0.868033743157139,0.932863102662251,1.12999132840567,1.04761206074389,1.05403546444329,1.13214697144243,1.05069941999318,1.09229041737344,0.898439835017036,1.40451344350748,..
Montenegro,MNE,Armed forces personnel (% of total labor force),MS.MIL.TOTL.TF.ZS,..,..,..,..,..,..,6.76830403221713,6.30912172819462,6.26506225383526,5.50608804246019,5.42004971002486,5.02220407961307,4.88426928444252,4.86977938060244,4.64848237355021,4.52534569134514,4.4852730433229,4.46789260675471,4.51230562375775,4.30156863869691,4.66135272456067,..,..,..,..
Montenegro,MNE,"Armed forces personnel, total",MS.MIL.TOTL.P1,..,..,..,..,..,..,16000,15000,15000,13227,13084,12180,12180,12180,12180,12050,12050,12000,12350,12000,12000,..,..,..,..
Montenegro,MNE,Military expenditure (% of GDP),MS.MIL.XPND.GD.ZS,..,..,..,..,..,2.69436332580307,2.29071316307389,1.74405848731746,1.87218246206494,1.84376127299691,1.81434774678489,1.74896930267889,1.65646177250839,1.45226142609027,1.47227234869517,1.40371759825531,1.41128063506996,1.36277677368932,1.36929487275714,1.33441196432034,1.73802726045562,1.55528019503059,1.60746495179336,1.63424966016394,..
Montenegro,MNE,Military expenditure (% of general government expenditure),MS.MIL.XPND.ZS,..,..,..,..,..,7.05627705627706,5.38461538461538,3.97794741306192,3.66330390920555,3.59141184124919,3.88888888888889,3.86332882273342,3.62448418156809,3.16885139519792,3.32962720732505,3.02648967551622,2.96993081426291,2.89318518518519,2.90236363636364,3.03458888378502,3.19762637362637,3.46987843313823,3.72301238513783,3.73897707231041,..
Netherlands,NLD,Armed forces personnel (% of total labor force),MS.MIL.TOTL.TF.ZS,0.649554378394661,0.626525606755118,0.592612375381963,0.669212504464675,0.591686514213985,0.669447850570314,0.511607142658538,0.454107105258815,0.517552860316447,0.475326388077379,0.47437967231752,0.472592267910265,0.467405130791398,0.46547227698718,0.451654532358622,0.440285329620342,0.438098979190139,0.432310234259426,0.43143488094231,0.421383376960216,0.419291027959451,..,..,..,..
Netherlands,NLD,"Armed forces personnel, total",MS.MIL.TOTL.P1,57100,55600,52900,59900,53000,60000,46000,41000,47000,43279,43279,43300,43300,43300,41900,41310,41310,41000,41410,41000,41000,..,..,..,..
Netherlands,NLD,Military expenditure (% of GDP),MS.MIL.XPND.GD.ZS,1.43400434064074,1.43790686912329,1.42655601162955,1.44380959809676,1.42682783976905,1.3964852790883,1.39338905749077,1.35471679829449,1.30531923769851,1.39763332170373,1.32543371501611,1.28836534898418,1.23540888805849,1.16615162393654,1.15968789088093,1.13271150479415,1.16362691769596,1.15680366756712,1.2166741818661,1.31836099648855,1.4412639825242,1.39825198400619,1.35218961159002,1.53256247074407,..
Netherlands,NLD,Military expenditure (% of general government expenditure),MS.MIL.XPND.ZS,3.38422179293061,3.33702562126758,3.26615832347257,3.23025374332484,3.26874050476763,3.2792964836973,3.2113835562968,3.17281396219706,3.00344500261308,2.91820797369503,2.75173932531717,2.7326004220056,2.62725416309768,2.48959168369062,2.51640607582176,2.52558447643514,2.66600251643934,2.72451421460706,2.87768267229762,3.12969900114747,3.01322078474295,3.03494941335448,3.10883836506197,3.38840482057177,..
Norway,NOR,Armed forces personnel (% of total labor force),MS.MIL.TOTL.TF.ZS,1.13760034583051,1.11539211881474,1.10169789869764,1.09287956097467,1.01673546576652,1.88957941178599,0.634405558027094,0.741598855908123,0.73084006603717,1.00764169556573,0.927947971152773,0.916617774137133,0.953822424882787,0.94272713420817,0.936338763009393,0.891246494847202,0.849838353293594,0.818505046795357,0.819670686284706,0.799775784597431,0.863563525978236,..,..,..,..
Norway,NOR,"Armed forces personnel, total",MS.MIL.TOTL.P1,27000,26700,26600,26600,25000,47000,16000,19000,19000,26450,24450,24450,25800,25800,25800,24950,23950,23000,23250,23000,25000,..,..,..,..
Norway,NOR,Military expenditure (% of GDP),MS.MIL.XPND.GD.ZS,1.7058318732318,1.70454145987594,2.08059193132079,1.97485448684346,1.84878514417382,1.57588467314326,1.44466802794409,1.45917207799086,1.37033371660879,1.59690979918941,1.50762795492815,1.44252755140788,1.39318999611811,1.40525218139781,1.46227942776465,1.49812327266489,1.61734383599671,1.70515328594991,1.71529737478335,1.84373537818427,1.96598369239436,1.72102421396042,1.50052130230795,1.60728115834895,..
Norway,NOR,Military expenditure (% of general government expenditure),MS.MIL.XPND.ZS,4.12432956795716,3.9394655597737,4.49696748041815,4.1336572883415,4.11729639410069,3.77164703203461,3.56885099919389,3.56074219436592,3.44664850554426,3.5024317448331,3.38991973763701,3.33412846602453,3.28579108820088,3.23384640588581,3.23330512682439,3.10792988037247,3.20846729269457,3.46388727572821,3.5964521461819,3.67256073586337,3.46581244461647,3.62132536621435,3.89568808023564,4.00192261475607,..
Poland,POL,Armed forces personnel (% of total labor force),MS.MIL.TOTL.TF.ZS,1.37181193032896,1.29703589751642,1.06325300180136,1.06841457127432,0.940396344551701,0.925519027642854,0.856325628234907,0.82209442449193,0.817060357391342,0.681764933291491,0.673199474216793,0.652154889907636,0.947337887284016,0.945490786364742,0.939149731790365,0.941785187360447,0.970320590877377,1.03471120208143,1.06713036654816,1.02820491199056,1.04273342249716,..,..,..,..
Poland,POL,"Armed forces personnel, total",MS.MIL.TOTL.P1,238800,228000,184400,184400,162000,162000,148000,142000,143000,121400,121400,118050,172700,172700,172700,172700,178400,191000,196700,189000,189000,..,..,..,..
Poland,POL,Military expenditure (% of GDP),MS.MIL.XPND.GD.ZS,1.83033658531361,1.90563800121799,1.90063864932514,1.90804203657513,1.8732410064926,1.92612986992008,1.92075038034244,2.00203282841042,1.75213971068109,1.79741622783841,1.84785215509548,1.80318361835199,1.81467677038876,1.79844993577184,1.91903675982857,2.1405458303192,1.94921770662177,1.90165998081495,2.04480024979944,1.97509539032691,2.28748515617247,2.24262361370911,2.22856108974913,3.83272853898223,..
Poland,POL,Military expenditure (% of general government expenditure),MS.MIL.XPND.ZS,4.2442264713186,4.24106760712879,4.19584742670087,4.1768214576837,4.31049577421718,4.35394938037748,4.32100349616516,4.66670592507533,3.96663972345345,3.99304403018787,3.99582100892784,4.05983308528475,4.17824275667511,4.1424633223073,4.47249939698272,5.12868590490832,4.71575940658428,4.59126580660087,4.93352984491243,4.71654739618877,4.74114037965368,5.08625311371413,5.10092003253319,8.11915596843084,..
Portugal,PRT,Armed forces personnel (% of total labor force),MS.MIL.TOTL.TF.ZS,1.73010975969253,1.6869152729935,1.66094563171299,1.7022703433255,1.6803281034506,1.70289405929843,1.65541740804202,1.64569520495054,1.64508977761098,1.66021503650777,1.64599590459805,1.66428052213069,1.67909344573404,1.51160833802023,1.49511713122821,1.41640851530943,1.43869859766475,0.996759764028627,0.998874378499406,0.990699994322527,1.01203346716827,..,..,..,..
Portugal,PRT,"Armed forces personnel, total",MS.MIL.TOTL.P1,90500,90000,90000,92600,91000,93000,91000,91000,91000,91040,90334,90300,90300,79850,78100,73600,74500,52000,52250,52000,52000,..,..,..,..
Portugal,PRT,Military expenditure (% of GDP),MS.MIL.XPND.GD.ZS,1.4064679631307,1.44450317171971,1.46402023240966,1.43269340811947,1.5048739869189,1.59379180313443,1.51208523296058,1.37790810197484,1.41594674624287,1.53406376621365,1.48821803172514,1.4917984786847,1.40585994869538,1.44112106338382,1.30768664159842,1.32655839631643,1.54110296138377,1.2370678817014,1.34025963919119,1.37469631433049,1.429790701133,1.51953308872168,1.39926906492031,1.51929712406409,..
Portugal,PRT,Military expenditure (% of general government expenditure),MS.MIL.XPND.ZS,3.28420354668237,3.27502188879516,3.31542282636899,3.16275978733688,3.27281550626588,3.40993428421067,3.34887438390835,3.09298131163897,3.12292195157993,3.05451821246552,2.86753347064882,2.98224502769957,2.87561681129828,2.88678447222483,2.52996154190144,2.75533673127377,3.43714121699196,2.72675118395446,3.09956944162665,3.23903103842434,2.90402633578121,3.20177106800472,3.16667289230884,3.44220286894268,..
Romania,ROU,Armed forces personnel (% of total labor force),MS.MIL.TOTL.TF.ZS,3.03453285517362,1.93605855489516,1.96292278874446,1.94003909874394,1.9307223896551,1.94640630714819,1.69892491149043,1.7090102819867,1.73266497008945,1.86677611230718,1.78885154683901,1.78142975456302,1.78439443868058,1.78885504291597,1.77966123624938,1.75219816988493,1.76070943845288,1.47195384700395,1.49021279791455,1.48778528282798,1.52204992537794,..,..,..,..
Romania,ROU,"Armed forces personnel, total",MS.MIL.TOTL.P1,282900,178900,179100,177100,176000,177000,154000,153000,153000,151645,153800,151300,151300,151300,151300,150400,149200,126000,126600,126000,128000,..,..,..,..
Romania,ROU,Military expenditure (% of GDP),MS.MIL.XPND.GD.ZS,2.49891418426016,2.4207451879196,2.28729607547664,2.08848713354877,2.00765756131918,2.00699360911993,1.84512546001227,1.49361825981328,1.39998436558161,1.27806961233722,1.22697660697606,1.23556866931776,1.17392522752233,1.29223076714816,1.3476637836228,1.45071824376782,1.42770454147789,1.73375510218939,1.79144423500295,1.83559871426307,2.00950429821317,1.85259347107342,1.72487428747058,1.61389529499238,..
Romania,ROU,Military expenditure (% of general government expenditure),MS.MIL.XPND.ZS,7.16781365802012,7.35744374807356,7.14627855563744,6.79839502129053,6.06443308358329,6.21336067342974,5.44971994829815,4.32116133504598,3.96918180529077,3.51962320133622,3.27792500593308,3.53220969406633,3.50769282564051,3.7819225244428,3.99254349443696,4.24646504481855,4.48779835416745,5.58939434662952,5.64601729197543,5.51057555276488,5.26286070616656,4.98782986720404,4.6845350815175,4.3681425815142,..
Serbia,SRB,Armed forces personnel (% of total labor force),MS.MIL.TOTL.TF.ZS,3.91293277627627,5.74492919555652,3.61191496768859,3.18158642290043,3.22814662124567,3.24839662095877,0.713579567838374,0.713806231944792,0.725246871013031,0.913968068073911,0.940466607058036,0.913035552923303,0.9095564821651,0.8960656193787,0.892752656137365,0.904219831741232,0.994374059481364,0.993025547133803,0.995248192920272,0.993906730550022,1.0135749358122,..,..,..,..
Serbia,SRB,"Armed forces personnel, total",MS.MIL.TOTL.P1,135700,198500,124500,109200,110000,110000,24000,24000,24000,29125,29125,28150,28150,28150,28150,28150,31850,32000,32150,32000,32000,..,..,..,..
Serbia,SRB,Military expenditure (% of GDP),MS.MIL.XPND.GD.ZS,5.1539431901456,4.0275711979198,4.20995410624924,3.44790847102019,2.97316156374027,2.27394357408135,2.17062119905688,2.25051717000289,2.12979811206655,2.15727645847456,2.08596534194605,2.0036450286792,1.97099365573843,1.90065993166999,1.94076876426109,1.82608633649948,1.74294528838049,1.90905813790589,1.63668788454782,2.52647074818265,2.37558463404513,2.31320387955173,2.71134129432343,2.85324638561608,..
Serbia,SRB,Military expenditure (% of general government expenditure),MS.MIL.XPND.ZS,16.4319285058305,11.9123544736188,9.81294873551189,8.22888304697525,7.28252284969826,5.71106082529183,5.12449707037064,5.33335524585853,4.69379404410093,5.04304468375178,4.86723948575489,4.81230053191489,4.36729068164768,4.49214605639699,4.33129633205669,4.28085567133528,4.16854557554828,4.7629021619112,4.02250228413135,6.01117647656385,4.92803300569221,4.96956143599764,6.2353085110692,6.42362180074009,..
Slovenia,SVN,Armed forces personnel (% of total labor force),MS.MIL.TOTL.TF.ZS,1.39858690922653,1.2451108817546,1.36742925326208,1.14099361873387,0.991147074332066,1.17909696893473,1.0728284732578,1.1519941017902,1.15407474942152,1.15700345666735,1.15883067281134,1.18229874050985,1.33092489949307,1.33606001325214,1.33169533169533,1.30403341486835,1.321681178459,0.680761675062727,0.698431659666294,0.676287990477865,0.67866613019725,..,..,..,..
Slovenia,SVN,"Armed forces personnel, total",MS.MIL.TOTL.P1,13500,12100,13500,11000,10000,12000,11000,12000,12000,12100,12100,12100,13550,13550,13550,13200,13200,7000,7250,7000,7000,..,..,..,..
Slovenia,SVN,Military expenditure (% of GDP),MS.MIL.XPND.GD.ZS,1.09316627543634,1.30048247372981,1.38761857556639,1.40379833710615,1.43065194465024,1.4201971624414,1.54218221292603,1.44291454234963,1.49291914113746,1.58615682467018,1.60312521178811,1.29217076374929,1.16679123354242,1.04694825557094,0.973739588196785,0.930119531623913,1.00428707817666,0.981780637525869,0.977856790281467,1.0543316103123,1.0585626998026,1.23377056737635,1.29212775926011,1.33665006488574,..
Slovenia,SVN,Military expenditure (% of general government expenditure),MS.MIL.XPND.ZS,2.30562374469984,2.6697408018639,2.94536795758828,2.983275376718,3.07328054649899,3.06115347597542,3.38657455864908,3.3240065681445,3.31363024521566,3.2133437639696,3.19499616354269,2.54077572027378,2.36405298161292,1.73717796995904,1.91522943451448,1.90951651254954,2.17550080342796,2.22778686362437,2.24954869120449,2.42822569164333,2.0612582781457,2.49439245107897,2.74712986432086,2.82990263787353,..
Slovak Republic,SVK,Armed forces personnel (% of total labor force),MS.MIL.TOTL.TF.ZS,1.59570739219196,1.4382286516511,1.17563490943236,0.826511793384074,0.749715951368925,0.753110723844841,0.641065768068439,0.64158715074543,0.633735059229997,0.618970967786626,0.589163405863442,0.590403429927308,0.585309506866585,0.583752026558692,0.577819531466739,0.578875112351077,0.574934245296331,0.581531011231545,0.57786250663995,0.584959306940213,0.665248455514836,..,..,..,..
Slovak Republic,SVK,"Armed forces personnel, total",MS.MIL.TOTL.P1,41200,37700,30900,22000,20000,20000,17000,17000,17000,16531,15799,15850,15850,15850,15850,15850,15850,16000,15850,16000,18000,..,..,..,..
Slovak Republic,SVK,Military expenditure (% of GDP),MS.MIL.XPND.GD.ZS,1.6553123819075,1.84316098962007,1.7760268404571,1.84111107563443,1.6520060170675,1.67909052359894,1.59399802258371,1.47838892400771,1.45938505158744,1.51648666734409,1.24918295945171,1.06706271874263,1.07808283795721,0.978618159746004,0.984879429017199,1.10950186885543,1.11609893716249,1.10428883698508,1.22170097426647,1.70497144469347,1.92200478883117,1.74154649987505,1.80856096698237,2.01653474902229,..
Slovak Republic,SVK,Military expenditure (% of general government expenditure),MS.MIL.XPND.ZS,3.13083552789083,4.0616570327553,3.9027409372237,4.55131649650725,4.3495145631068,4.22666533705624,4.10603290676417,4.06371034422734,3.9448275862069,3.41495977233602,2.9643177582994,2.58025398322498,2.62253930506011,2.30404551201011,2.27678706591177,2.43508272159527,2.6232827187274,2.79605263157895,3.07968473901214,4.20640104506858,4.29490398641701,3.81881411167735,4.27739430543572,4.18833044482958,..
Spain,ESP,Armed forces personnel (% of total labor force),MS.MIL.TOTL.TF.ZS,1.3229446976289,1.18221494991472,1.32263724177904,1.13342628440853,1.07593636051615,1.03634148092444,1.01171585185563,0.985244018093163,0.962687692801954,0.950455769826142,0.948993592584164,0.91449540077072,0.913534857880077,0.914159269574994,0.862804134143265,0.864353441579174,0.858623470640651,0.851184873228824,0.853393958857414,0.856676807739812,0.868300537752922,..,..,..,..
Spain,ESP,"Armed forces personnel, total",MS.MIL.TOTL.P1,241800,214700,251200,224000,220000,220000,222000,222000,223000,222422,223216,215700,215600,213950,200000,199950,197950,196000,196350,199000,199000,..,..,..,..
Spain,ESP,Military expenditure (% of GDP),MS.MIL.XPND.GD.ZS,1.72551798839458,1.62958403293614,1.45597370162444,1.42254439300681,1.43022117967926,1.38717775355122,1.37000746147478,1.36310631227691,1.36762048450666,1.35835383696039,1.3873781239833,1.33187655521014,1.42363040003724,1.27236040392798,1.25391242368837,1.2702320395662,1.13713590926222,1.23002910987775,1.25433377164601,1.23270491757212,1.36664551701951,1.35211774619771,1.4339965700543,1.50901228462186,..
Spain,ESP,Military expenditure (% of general government expenditure),MS.MIL.XPND.ZS,4.4014319940952,4.24224767337359,3.76830670529372,3.70693894520757,3.6844637349264,3.60483050633727,3.56440840065625,3.472430389101,3.30003283872273,2.93821039536366,3.01378653949354,2.88568280323274,2.87773774142704,2.74290391053193,2.76599880798012,2.88372665994218,2.67799149633988,2.97731252537661,2.99989868166973,2.91530270463228,2.6332065478476,2.70547945205479,3.04384223794216,3.20646584361177,..
Sweden,SWE,Armed forces personnel (% of total labor force),MS.MIL.TOTL.TF.ZS,1.96813405957406,1.52489796348231,1.51777378619044,1.37218558115208,0.597433503594667,0.60647597591739,0.5161379120501,0.36341756223629,0.358941790654543,0.445230627225517,0.428114735477366,0.425673423349606,0.319895662353904,0.316256901177379,0.595114026185017,0.589874129935658,0.582361000151166,0.562457850814805,0.28056547926047,0.274682060093476,0.274339390747081,..,..,..,..
Sweden,SWE,"Armed forces personnel, total",MS.MIL.TOTL.P1,88300,69500,69500,63200,27600,28600,24600,17600,17600,21870,21163,21300,16100,16100,30550,30550,30550,30000,15150,15000,15000,..,..,..,..
Sweden,SWE,Military expenditure (% of GDP),MS.MIL.XPND.GD.ZS,1.82306740738699,1.77729825439474,1.64115454047208,1.59678996943608,1.44128335992893,1.40698751486224,1.31820552345733,1.29998150757256,1.16374723679633,1.15980434381161,1.18712854137069,1.10169116434029,1.13011028867624,1.11252053864955,1.12644731800047,1.06650205259044,1.0530163887864,1.023179204574,1.03224609210767,1.09340922552771,1.14608642427625,1.18522396008572,1.30604276885439,1.47341062942458,..
Sweden,SWE,Military expenditure (% of general government expenditure),MS.MIL.XPND.ZS,3.47279569122573,3.42061522523985,3.09862757421184,3.00479051981342,2.78157558785982,2.74225830690153,2.63075457585076,2.68796044314636,2.37478695093144,2.2593490910363,2.40348770013484,2.26053070457885,2.26453174016852,2.19810209018173,2.26747263716707,2.20396284529382,2.15970009197923,2.12098530822256,2.11579117175096,2.27293497725542,2.24620938066454,2.4611960804351,2.75987281450195,3.06127811645995,..
Switzerland,CHE,Armed forces personnel (% of total labor force),MS.MIL.TOTL.TF.ZS,0.693409406436541,0.659819642732284,0.672178203209213,0.662230923535205,0.0962366652070772,2.6100482547637,0.542735846452006,0.533961581696354,0.521422294929146,0.57180352455943,0.568372488406995,0.509071948615027,0.492867564418226,0.456676546639892,0.438895974057872,0.435499055933669,0.428066884684502,0.426140254933334,0.432143237049,0.401749619593329,0.400911030225084,..,..,..,..
Switzerland,CHE,"Armed forces personnel, total",MS.MIL.TOTL.P1,27700,26800,27600,27500,4000,109000,23000,23000,23000,25620,25287,23100,22650,21250,20800,20950,20950,21000,21450,20000,20000,..,..,..,..
Switzerland,CHE,Military expenditure (% of GDP),MS.MIL.XPND.GD.ZS,1.02928011745958,0.991880080138388,0.956388349764947,0.926630419400856,0.888925074606932,0.83306403652778,0.753808477874928,0.718232323663411,0.722484412265189,0.73179337674355,0.687220165933277,0.694782257657599,0.669001710434324,0.712636242390875,0.634898338463689,0.651341082840214,0.664750475412517,0.66568455676088,0.652876569793988,0.696324324760463,0.772558973227674,0.674464698214506,0.690463765272407,0.702718004518668,..
Switzerland,CHE,Military expenditure (% of general government expenditure),MS.MIL.XPND.ZS,3.11108187230683,3.05081863197211,2.73210420061781,2.71751203258053,2.62746871702096,2.57289066252379,2.46855169232407,2.43806867620535,2.41246066640218,2.30611253076646,2.18778672647569,2.20982589553732,2.11335348855471,2.18903091390281,1.97294092381815,2.00638205646091,2.04970045988619,2.0511966439056,2.0560585885486,2.17695440946874,2.08990579152978,1.95618244956885,2.18952895727828,2.20246689332899,..
United States,USA,Armed forces personnel (% of total labor force),MS.MIL.TOTL.TF.ZS,0.988718986850928,0.958549853802087,0.982967952799045,0.986717153694364,0.974089574420463,1.00966174450688,0.964789399033199,0.993045704127071,0.973003051027976,0.98766325865978,0.991230553105963,0.958828892786328,0.934477876893818,0.894977803470118,0.858578755130859,0.832039451157061,0.822764756106508,0.820665475037047,0.826230815201011,0.821688240896544,0.83751058497809,..,..,..,..
United States,USA,"Armed forces personnel, total",MS.MIL.TOTL.P1,1454800,1420700,1467000,1480000,1473000,1546000,1498000,1555000,1540000,1563996,1569417,1520100,1492200,1433150,1381250,1347300,1348400,1359000,1379800,1388000,1395000,..,..,..,..
United States,USA,Military expenditure (% of GDP),MS.MIL.XPND.GD.ZS,3.11224214697679,3.12380980266703,3.44761809928778,3.82716104473623,4.01631273640692,4.08923187524508,4.04134230166038,4.07335051467688,4.44659552156261,4.87576835879774,4.90402300595835,4.82244197600452,4.4617099699335,4.02370560438155,3.67891817387645,3.46449292564277,3.40260246241072,3.29772357145288,3.30400061907828,3.412158459059,3.65051373404041,3.41709395411995,3.34325893120951,3.36183648558074,..
United States,USA,Military expenditure (% of general government expenditure),MS.MIL.XPND.ZS,..,9.5614875835935,10.2782635987432,11.2994315962509,11.9696649013872,12.0550977266818,11.9974773140916,11.7882071142799,11.9738046359668,11.779477603846,12.3362903454974,12.4343068709608,11.9904665535748,11.2521266638504,10.4180309940881,9.89265981173922,9.62680889957437,9.36740674276428,9.34950464124848,9.549710651911,8.24669400036021,8.03866831515345,9.32332640062394,9.05528677909805,..
United Kingdom,GBR,Armed forces personnel (% of total labor force),MS.MIL.TOTL.TF.ZS,0.725660608977115,0.721263000432928,0.709818120577047,0.711948917296819,0.681409759010963,0.712399380153446,0.584695331576038,0.513338046418272,0.506808914414038,0.562617974577183,0.545780362263048,0.515464783688697,0.520970839554287,0.487080715778196,0.469123870990632,0.458061596972602,0.447446973289992,0.43872428345727,0.436519956460332,0.435779586428794,0.446795034092213,..,..,..,..
United Kingdom,GBR,"Armed forces personnel, total",MS.MIL.TOTL.P1,212500,211400,210400,212600,205000,217000,181000,160000,160000,178470,174020,165650,169150,159150,154700,152350,150250,148000,148450,149000,153000,..,..,..,..
United Kingdom,GBR,Military expenditure (% of GDP),MS.MIL.XPND.GD.ZS,2.3727966452319,2.41112210130721,2.48565967470705,2.55206201518244,2.49782136751626,2.42271607573388,2.36967440284241,2.37465777127738,2.4871500848402,2.64772453259797,2.56799960467203,2.49903987829525,2.41781748358099,2.29232047399432,2.18448549185402,2.04890800410498,1.98449096820719,1.95002885979327,1.94455569473457,1.98525373099586,2.16221591341109,2.07322203588405,2.07392558799882,2.26487905161201,..
United Kingdom,GBR,Military expenditure (% of general government expenditure),MS.MIL.XPND.ZS,6.9648505395956,6.92207292408158,6.91735183380197,6.86561118143854,6.56376667436567,6.31396022818637,6.18318869012024,6.16252580878196,6.08820558826397,5.94956792136061,5.75833450928461,5.73539221462299,5.53636674328506,5.46083727867526,5.30106996551845,5.0734495500073,5.00292590089719,4.99285049480969,5.0074957944585,5.14134675021302,4.32506487704256,4.50810429590069,4.70938785223391,5.15239962242416,..
Central Europe and the Baltics,CEB,Armed forces personnel (% of total labor force),MS.MIL.TOTL.TF.ZS,1.94211179235278,1.59656747435301,1.48626418985785,1.37623838389392,1.23303974553375,1.2405996963978,1.12578468900126,1.10075377218179,1.07486533862593,1.02688105437945,1.00571844007701,0.96264626685819,1.0700666978947,1.06133889055254,1.06757667722593,1.06508300598488,1.04544022322152,1.01328007305383,1.05361389903796,1.03776245993175,1.0834009255133,..,..,..,..
Central Europe and the Baltics,CEB,"Armed forces personnel, total",MS.MIL.TOTL.P1,945000,777800,717800,663800,595000,601000,544000,532000,522000,493193,488712,465900,519910,515860,522010,521590,510860,498000,516745,508000,525000,..,..,..,..
Central Europe and the Baltics,CEB,Military expenditure (% of GDP),MS.MIL.XPND.GD.ZS,1.86077491894408,1.89189303150066,1.8940246634572,1.85973229802021,1.75237337969083,1.77378091518916,1.69439785911568,1.65175358546837,1.52966422028221,1.52151256704484,1.47205272767462,1.40301169283008,1.39143672095304,1.37849830218546,1.42351733168551,1.53502318565631,1.48581301587743,1.53558869087081,1.62862433530011,1.75629765001412,1.9300157488615,1.84754438753768,1.89055802903722,2.54708668098776,..
Central Europe and the Baltics,CEB,Military expenditure (% of general government expenditure),MS.MIL.XPND.ZS,4.32271839880539,4.37342858897323,4.32455939194052,4.27297131272223,4.18275018802945,4.24379785611895,4.05672041953238,4.05310114281864,3.6805321629028,3.4365836122141,3.31423569404202,3.25709919054641,3.29455242036425,3.25308344970758,3.38883468528836,3.6949787366189,3.72088078196174,3.91295774132309,4.11515812693384,4.38697308914861,4.18954713098294,4.22707938685695,4.44174770177739,5.6476515126204,..
Estonia,EST,Armed forces personnel (% of total labor force),MS.MIL.TOTL.TF.ZS,1.1212399733853,1.09461360139871,1.23688482159082,1.19905496704819,0.885496453586703,1.18822175188445,1.01023512500938,1.01332375983648,1.00576157703415,0.791089860550453,0.841997364182164,0.836199437201422,0.840760047082563,0.845012880935481,0.851381384805137,0.937145367353663,0.926088044926846,0.860136130878314,0.954326231436931,0.99950881281199,0.999507385645646,..,..,..,..
Estonia,EST,"Armed forces personnel, total",MS.MIL.TOTL.P1,7600,7300,8100,8100,6000,8000,7000,7000,7000,5450,5750,5750,5750,5750,5750,6400,6400,6000,6700,7000,7000,..,..,..,..
Estonia,EST,Military expenditure (% of GDP),MS.MIL.XPND.GD.ZS,1.37632711527768,1.50221446192756,1.66712950092163,1.74304929525979,1.6996892247017,1.4509199321799,1.38756206587647,1.65732023639674,1.7671976129674,1.79905979568072,1.70042562190944,1.67893330315731,1.89767278395814,1.9089636493344,1.92535738573578,2.0260417420727,2.06916436631533,2.00976650859972,2.0090871203263,2.03570397226451,2.29675683425333,2.0308662213269,2.1604426401521,2.86665387374435,..
Estonia,EST,Military expenditure (% of general government expenditure),MS.MIL.XPND.ZS,3.78475935828877,4.28980761358985,4.61867426942267,4.95430809399478,4.95495495495496,4.30020963856167,4.14981982423037,4.91275316090692,4.47946957028373,3.92346509074744,4.22202266401143,4.4864605031245,4.83503981797497,4.96834571979081,5.09840179632809,5.12568976088289,5.25210084033614,5.122446797134,5.11586802827965,5.2029992684711,5.11239146311775,4.85392224522659,5.45314361813976,6.77038494650104,..
Denmark,DNK,Armed forces personnel (% of total labor force),MS.MIL.TOTL.TF.ZS,0.761806782037295,0.750437989275049,0.78781038688084,0.792345112168961,0.723833172309176,0.723472336484917,1.02256738037325,1.02334558277996,1.02586548851715,0.641815183850699,0.643746418927278,0.568620185221544,0.597795524735875,0.602599797708649,0.599463340899815,0.572419319910675,0.546981832389139,0.505025338804666,0.48447151842061,0.494344370834737,0.49472034448367,..,..,..,..
Denmark,DNK,"Armed forces personnel, total",MS.MIL.TOTL.P1,21800,21400,22700,22800,21000,21000,30000,30000,30000,18707,18628,16450,17200,17200,17200,16600,16100,15000,14500,15000,15000,..,..,..,..
Denmark,DNK,Military expenditure (% of GDP),MS.MIL.XPND.GD.ZS,1.45744405054744,1.53238072045298,1.50814985204971,1.46685124979903,1.42370423392813,1.31148849991359,1.37749201363591,1.30724682939246,1.35500459027372,1.35017862531649,1.3986217868925,1.31353128527572,1.35181897255939,1.22725200034691,1.14927328634589,1.11144601158659,1.14763761681092,1.13823325447046,1.27753927185212,1.29509238115422,1.37713112053436,1.30012223662152,1.36761549013104,1.95319596405831,..
Denmark,DNK,Military expenditure (% of general government expenditure),MS.MIL.XPND.ZS,2.76624322170998,2.90018063170038,2.83410574229878,2.73465479119305,2.68636744635346,2.55942668842179,2.76439698138777,2.63603450235296,2.68792635456182,2.38816148950943,2.46787033157623,2.32773923640097,2.33252902344639,2.19857958501601,2.08135655194479,2.03831120877537,2.18686434931971,2.25172074729597,2.52737026013819,2.6075100191671,2.57519236192241,2.61044461238113,3.03926415997614,4.1000167886888,..
Ireland,IRL,Armed forces personnel (% of total labor force),MS.MIL.TOTL.TF.ZS,0.599712033925971,0.535799849669871,0.52509924375707,0.511701229460608,0.481670974410748,0.461021337450561,0.444713446667073,0.428158072535115,0.424628810725105,0.454117622542295,0.464354777704578,0.39899292392774,0.420400815082992,0.41612481430152,0.403012942472781,0.398149610622807,0.390101537857425,0.380852593542687,0.358370817263613,0.364675430762723,0.365867490112431,..,..,..,..
Ireland,IRL,"Armed forces personnel, total",MS.MIL.TOTL.P1,11500,10500,10500,10400,10000,10000,10000,10000,10000,10460,10460,8900,9350,9350,9100,9100,9100,9000,8650,9000,9000,..,..,..,..
Ireland,IRL,Military expenditure (% of GDP),MS.MIL.XPND.GD.ZS,0.695697742113547,0.703517156269364,0.634013720386081,0.587540935936822,0.568322292110072,0.540612698817302,0.51315124388682,0.508754794161221,0.576987820203192,0.601169020641842,0.574760721661621,0.544395813647308,0.514158093977392,0.502326938186923,0.459917413502212,0.341167624216614,0.335786647906792,0.306034627422037,0.286463500322568,0.278905402054922,0.267555214275712,0.246964923185605,0.218652664665286,0.216857882649718,..
Ireland,IRL,Military expenditure (% of general government expenditure),MS.MIL.XPND.ZS,2.27348107945123,2.18431771894094,1.92772162089632,1.79845222072678,1.73026302961764,1.63714925850848,1.52893028052141,1.42747309072271,1.38841063857125,1.28251595122135,0.885683249254336,1.15319180412752,1.20657327297565,1.23589954713874,1.2262156448203,1.17643979742727,1.19337497035339,1.17284584574304,1.13282287867443,1.14766402623496,0.984748173213673,1.01398006091447,1.03001656214526,1.01636011281643,..
"Korea, Dem. People's Rep.",PRK,Armed forces personnel (% of total labor force),MS.MIL.TOTL.TF.ZS,8.60068333950153,8.70661846858048,8.62414607552838,8.53553347285673,8.59993062943988,8.50988664830984,8.41249797076907,8.31823525459517,8.23654072921689,8.67853479900507,8.58964024605862,8.50547462059508,8.42518763302204,8.34835563123225,8.27500326139541,8.2021309600169,8.67652924418571,8.60675350679799,8.54282990516179,8.49669123573529,8.59113010555978,..,..,..,..
"Korea, Dem. People's Rep.",PRK,"Armed forces personnel, total",MS.MIL.TOTL.P1,1244000,1271000,1271000,1271000,1295000,1295000,1295000,1295000,1295000,1379000,1379000,1379000,1379000,1379000,1379000,1379000,1469000,1469000,1469000,1469000,1469000,..,..,..,..
"Korea, Dem. People's Rep.",PRK,Military expenditure (% of GDP),MS.MIL.XPND.GD.ZS,..,..,..,..,..,..,..,..,..,..,..,..,..,..,..,..,..,..,..,..,..,..,..,..,..
"Korea, Dem. People's Rep.",PRK,Military expenditure (% of general government expenditure),MS.MIL.XPND.ZS,..,..,..,..,..,..,..,..,..,..,..,..,..,..,..,..,..,..,..,..,..,..,..,..,..
North Macedonia,MKD,Armed forces personnel (% of total labor force),MS.MIL.TOTL.TF.ZS,2.87127757190107,3.13282830534473,2.39654512128445,2.42143396369748,2.01829285666796,2.25830760051252,2.25872641116905,2.21747604542325,2.20307479670837,0.92937450772194,0.958091864243173,0.935472290726079,0.940521425078063,0.934860115712311,0.935421974699174,1.84310236661433,1.86254201166477,1.9226494108882,1.94108562492645,1.94335839051058,1.99824154743825,..,..,..,..
North Macedonia,MKD,"Armed forces personnel, total",MS.MIL.TOTL.P1,23500,26000,19900,20400,17000,19000,19000,19000,19000,8000,8000,8000,8000,8000,8000,15600,15600,16000,16000,16000,16000,..,..,..,..
North Macedonia,MKD,Military expenditure (% of GDP),MS.MIL.XPND.GD.ZS,1.850821459557,6.10039562766158,2.64559751876128,2.34170115867248,2.38010407130392,2.02926330577443,1.83653768735825,1.95006969471653,1.74234086894233,1.68816456224776,1.38215461102863,1.26218709982742,1.22531966171625,1.16943718855289,1.09296080025624,0.99342769175221,0.970115977909212,0.895041406541028,0.943108732670231,1.15911628553257,1.24058656980426,1.47193209314226,1.6229276570772,1.69895545621264,..
North Macedonia,MKD,Military expenditure (% of general government expenditure),MS.MIL.XPND.ZS,5.77937408951625,16.3278507725427,6.92703375929039,6.50477106141902,6.97635575969518,6.24565692447389,5.8390003513203,6.20078622653898,5.16070077244885,5.02996636867976,4.25140855472789,3.96219652397376,3.68440381158552,3.69221962205279,3.44626049541339,3.08303906544962,3.11862244897959,2.8178433359989,3.11602607687078,3.69078155022938,3.40795284769082,4.12145144740524,4.62830734343268,4.70067231984364,..
Mongolia,MNG,Armed forces personnel (% of total labor force),MS.MIL.TOTL.TF.ZS,1.75849119297984,1.70625777891296,1.65733947192894,1.56448190399428,1.45045394373592,1.51322845399123,1.48162278439518,1.45170012230574,1.53013097921182,1.51095486198042,1.48200867319727,1.43385908166328,1.41283196417321,1.41800641263014,1.39335092936507,1.37488902681426,1.39006824043573,1.39890900640933,1.35012883432775,1.26541521788341,1.29850080867745,..,..,..,..
Mongolia,MNG,"Armed forces personnel, total",MS.MIL.TOTL.P1,16300,16300,16300,15800,15000,16000,16000,16000,17000,17200,17200,17200,17200,17500,17500,17500,17500,18000,17700,18000,18000,..,..,..,..
Mongolia,MNG,Military expenditure (% of GDP),MS.MIL.XPND.GD.ZS,2.02248060815309,1.78165840784985,1.79556721143698,1.50969431652769,1.38273006263926,1.01728588491723,0.961656696108958,1.05327216611992,0.823306745414827,0.629698225139809,0.762997245666295,0.837270236688781,0.924305618490081,0.822311489894261,0.85972525833079,0.875507832442284,0.863910995114833,0.762153816975996,0.668952463384853,0.661538119118052,0.709909468541962,0.619505072530135,0.513936273012978,0.60144199287179,..
Mongolia,MNG,Military expenditure (% of general government expenditure),MS.MIL.XPND.ZS,6.18147403288773,5.18326424764666,5.09935856096759,4.53087520483051,4.37778511305496,4.70195467459185,4.38251241800326,3.7835057438418,3.15461109061647,2.31571964752657,2.41642294421055,2.20730672558154,2.56326232177872,2.55766307794877,2.67464102108314,2.80815974289609,2.17733875494585,2.3686334945451,2.35500492691739,2.14652151916101,1.93419215823628,1.77150527832844,1.55234657039711,1.73109742242753,..
,,,,,,,,,,,,,,,,,,,,,,,,,,,,
,,,,,,,,,,,,,,,,,,,,,,,,,,,,
,,,,,,,,,,,,,,,,,,,,,,,,,,,,
Data from database: World Development Indicators,,,,,,,,,,,,,,,,,,,,,,,,,,,,
Last Updated: 07/01/2025,,,,,,,,,,,,,,,,,,,,,,,,,,,,
